{
  "/_not-found/page": "app/_not-found/page.js",
  "/blog/page": "app/blog/page.js",
  "/gallery/page": "app/gallery/page.js",
  "/about/page": "app/about/page.js",
  "/blog/[slug]/page": "app/blog/[slug]/page.js",
  "/roofing-fernandina-beach-fl/page": "app/roofing-fernandina-beach-fl/page.js",
  "/contact/page": "app/contact/page.js",
  "/roofing-mandarin-fl/page": "app/roofing-mandarin-fl/page.js",
  "/roofing-jacksonville-beach-fl/page": "app/roofing-jacksonville-beach-fl/page.js",
  "/roofing-orange-park-fl/page": "app/roofing-orange-park-fl/page.js",
  "/roofing-ponte-vedra-beach-fl/page": "app/roofing-ponte-vedra-beach-fl/page.js",
  "/roofing-nocatee-fl/page": "app/roofing-nocatee-fl/page.js",
  "/roofing-riverside-fl/page": "app/roofing-riverside-fl/page.js",
  "/roofing-southside-jax-fl/page": "app/roofing-southside-jax-fl/page.js",
  "/roofing-san-marco-fl/page": "app/roofing-san-marco-fl/page.js",
  "/page": "app/page.js",
  "/services/new-construction-roofing/page": "app/services/new-construction-roofing/page.js",
  "/service-areas/page": "app/service-areas/page.js",
  "/services/commercial-roofing/page": "app/services/commercial-roofing/page.js",
  "/roofing-st-augustine-fl/page": "app/roofing-st-augustine-fl/page.js",
  "/services/page": "app/services/page.js",
  "/services/roof-replacement/page": "app/services/roof-replacement/page.js",
  "/services/siding-repair/page": "app/services/siding-repair/page.js",
  "/services/roof-repair/page": "app/services/roof-repair/page.js",
  "/services/siding-installation/page": "app/services/siding-installation/page.js",
  "/sitemap/page": "app/sitemap/page.js"
}